canonical_composer,canonical_title
Alban Berg,Sonata Op. 1
Alexander Scriabin,"24 Preludes Op. 11, No. 13-24"
Alexander Scriabin,"3 Etudes, Op. 65"
Alexander Scriabin,"5 Preludes, Op.15"
Alexander Scriabin,"Entragete, Op.63"
Alexander Scriabin,"Etude Op. 2 No.1;  Etudes Op. 8, Nos. 5, 11 and 12"
Alexander Scriabin,"Etude Op. 42, Nos. 4 & 5"
Alexander Scriabin,"Etude Op. 8, No. 13"
Alexander Scriabin,"Etude in D-flat Major, Op. 8 No. 10"
Alexander Scriabin,Etudes from Op.8
Alexander Scriabin,Fantasy Op. 28 in B Minor
Alexander Scriabin,"Fantasy in B Minor, Op. 28"
Alexander Scriabin,"Fantasy, Op. 28"
Alexander Scriabin,"Fragilite, Op.51"
Alexander Scriabin,"Prelude and Nocturne for Left Hand, Op. 9"
Alexander Scriabin,Sonata No. 2
Alexander Scriabin,"Sonata No. 2 in G-sharp Minor, Op. 19"
Alexander Scriabin,"Sonata No. 2 in G-sharp Minor, Op. 19 (Complete)"
Alexander Scriabin,"Sonata No. 3 in F-sharp Minor, Op. 23"
Alexander Scriabin,"Sonata No. 4 in F-sharp Major ,Op.30"
Alexander Scriabin,"Sonata No. 5 in F-sharp Minor, Op. 53"
Alexander Scriabin,"Sonata No. 5, Op. 53"
Alexander Scriabin,Sonata No. 9
Alexander Scriabin,"Sonata No. 9, Op. 68"
Alexander Scriabin,"Sonata No. 9, Op. 68, ""Black Mass"""
Alexander Scriabin,"Two Impromptus, Op. 14 (Complete)"
Alexander Scriabin,"Waltz, Op. 38"
Anton Arensky,"Piano Trio in D Minor, Op. 32"
Antonio Soler,Sonata No. 10 in B Minor
Carl Maria von Weber,"Sonata No. 1, 2nd, 3rd and 4th movements"
Charles Gounod / Franz Liszt,Faust Waltz
Claude Debussy,"""Feux d'artifice"" from Book II"
Claude Debussy,"""Images"", Series I"
Claude Debussy,"""Les collines d'Anacapri"" from Preludes, Book I"
Claude Debussy,"""Ondine"" from Book II"
Claude Debussy,"""Voiles"" from Preludes, Book I"
Claude Debussy,"Barcarolle, Op. 60"
Claude Debussy,Bruyeres
Claude Debussy,Estampes (Complete)
Claude Debussy,"Etude ""Pour le arpeges composes"""
Claude Debussy,"Etude ""Pour les accords"""
Claude Debussy,"Etude ""Pour les huit doigts"""
Claude Debussy,"Etude No. 6, Book I, ""Pour les huits doigts"""
Claude Debussy,"Etude No. 7 ""Study in Chromatic Steps"""
Claude Debussy,Feux d'artifice
Claude Debussy,Four Preludes
Claude Debussy,Image (Book II)
Claude Debussy,"Images Book 1 (Complete), L 110"
Claude Debussy,Images Book II
Claude Debussy,"Images, Book I"
Claude Debussy,"Images, Book I, ""Reflets dans l'eau"""
Claude Debussy,"Images, Book II, ""Poissons d'or"""
Claude Debussy,Jardins sous la pluie from Estampes
Claude Debussy,L'Isle Joyeuse
Claude Debussy,"L'isle joyeuse, L. 106"
Claude Debussy,Les Collines d'Anacapri from Book I
Claude Debussy,Pagodas from Estampes No. 1
Claude Debussy,Pour le piano (Complete)
Claude Debussy,"Prelude No. 24 ""Fireworks"""
Claude Debussy,"Prelude No. 6, Book I, ""Des pas sur la neige"""
Claude Debussy,"Prelude No. 7, Book II, La terrasse des audiences du clair de lune"
Claude Debussy,"Preludes Book II: “Feux d'artifice,” L 123, No. 12"
Claude Debussy,"Preludes No. 2, 6, 12"
Claude Debussy,"Preludes, Book II, III - La puerta del vino"
Claude Debussy,"Preludes, Book II, L 123 (Complete)"
Claude Debussy,"Preludes, Book II, L 123, IV. «Les fées sont d'exquises danseuses»"
Claude Debussy,"Preludes, Book II, VII - La terasse des audiences du clair de lune"
Claude Debussy,PreludesBII/7-12
Claude Debussy,SuiteBergamasque
Claude Debussy,Three Etudes
César Franck,Prel./Chor./Fug.
César Franck,"Prelude, Choral et Fugue"
César Franck,"Prelude, Fugue et Variation, Op. 18, Arrangement Delle Vigne"
César Franck,"Prélude, chorale, et fugue, M. 21"
Domenico Scarlatti,Sonata K. 466
Domenico Scarlatti,Sonata K. 525
Domenico Scarlatti,Sonata K. 54
Domenico Scarlatti,"Sonata in A Major, K. 208"
Domenico Scarlatti,"Sonata in B Minor, K. 197"
Domenico Scarlatti,"Sonata in B Minor, K. 27"
Domenico Scarlatti,"Sonata in B Minor, K. 87"
Domenico Scarlatti,"Sonata in B Minor, L. 33"
Domenico Scarlatti,"Sonata in C Major, K. 132"
Domenico Scarlatti,"Sonata in C Major, K. 179"
Domenico Scarlatti,"Sonata in C Major, K. 513"
Domenico Scarlatti,"Sonata in C Minor, K. 84"
Domenico Scarlatti,"Sonata in D Major, K. 118"
Domenico Scarlatti,"Sonata in D Major, K. 119"
Domenico Scarlatti,"Sonata in D Major, K. 145"
Domenico Scarlatti,"Sonata in D Major, K. 430"
Domenico Scarlatti,"Sonata in D Major, K. 576"
Domenico Scarlatti,"Sonata in D Major, K. 96 L. 465"
Domenico Scarlatti,"Sonata in D Major, K96"
Domenico Scarlatti,"Sonata in D Minor, K. 1"
Domenico Scarlatti,"Sonata in D Minor, K. 141"
Domenico Scarlatti,"Sonata in D Minor, K. 213"
Domenico Scarlatti,"Sonata in D Minor, K. 9"
Domenico Scarlatti,"Sonata in D Minor, K. 9 L. 413"
Domenico Scarlatti,"Sonata in F Minor, K. 466"
Domenico Scarlatti,"Sonata in G Major, K. 146"
Domenico Scarlatti,"Sonata in G Major, K. 455"
Domenico Scarlatti,"Sonata, K239"
Domenico Scarlatti,Two Sonatas
Edvard Grieg,"Lyric Piece in A Minor, “Waltz,” Op. 12 No. 2"
Edvard Grieg,"Lyric Piece in E Minor, “Valse-Impromptu,” Op. 47 No.1"
Edvard Grieg,"Lyric Piece in E Minor, “Waltz,” Op. 38 No. 7"
Felix Mendelssohn,Etude in A Minor
Felix Mendelssohn,"Fantasy in F-sharp Minor, Op. 28 (Complete)"
Felix Mendelssohn,"Piano Trio No. 1 in D Major, Op. 49"
Felix Mendelssohn,"Rondo Capriccioso in E Minor, Op. 14"
Felix Mendelssohn,Variations Serieuses Op. 54
Felix Mendelssohn,"Variations Seriouses, Op. 54"
Felix Mendelssohn / Sergei Rachmaninoff,Scherzo
Felix Mendelssohn / Sergei Rachmaninoff,Scherzo from A Midsummer Night's Dream
Felix Mendelssohn / Sergei Rachmaninoff,"Scherzo from Mendelssohn's ""Midsummer Night's Dream"""
Franz Liszt,"""La Campanella"""
Franz Liszt,Annes de Pelerinage III: Le jeux d'eau a la Villa d'Este
Franz Liszt,"Après une lecture de Dante: Fantasia quasi Sonata, S.161, No. 7"
Franz Liszt,Au bord d'une source
Franz Liszt,"Ballade No. 2 in B Minor, S 171"
Franz Liszt,"Concert Etude ""Gnomenreigen"""
Franz Liszt,"Concert Etude ""La Leggierezza"""
Franz Liszt,"Concert Etude ""Un Sospiro"""
Franz Liszt,"Concert Etude ""Waldesrauschen"""
Franz Liszt,"Concert Etude No. 2 ""Gnomenreigen"""
Franz Liszt,"Concert Etude No. 2 La Leggierezza, S. 144"
Franz Liszt,"Concert Etude No. 2, ""Gnomenreigen"", S. 145/2"
Franz Liszt,"Concert Etude No. 2, ""La Leggierezza"", S. 144/2"
Franz Liszt,"Concert Etude No. 2, “La leggierezza"", S. 144"
Franz Liszt,"Concert Etude No. 3 in D-flat Major, ""Un Sospiro"", S. 144/3"
Franz Liszt,Dante Sonata
Franz Liszt,Funerailles
Franz Liszt,"Grandes Etudes de Paganini, S. 141"
Franz Liszt,"Grandes ètudes de Paganini No. 3 ""La Campanella"", S. 141"
Franz Liszt,"Grandes études de Paganini, No. 3 ""La campanella"", S.141/3"
Franz Liszt,Hungarian Rhapsody
Franz Liszt,"Hungarian Rhapsody No. 10 in E-flat Major, S. 244/10"
Franz Liszt,"Hungarian Rhapsody No. 10, S. 244/10"
Franz Liszt,"Hungarian Rhapsody No. 12, S. 244/12"
Franz Liszt,Hungarian Rhapsody No. 13 (arr. Volodos)
Franz Liszt,"Hungarian Rhapsody No. 13, S. 244/13"
Franz Liszt,Hungarian Rhapsody No. 15 in A Minor
Franz Liszt,"Hungarian Rhapsody No. 2 in C-sharp Minor, S. 244/2"
Franz Liszt,"Hungarian Rhapsody No. 6, S.244/6"
Franz Liszt,Hungarian Rhapsody No. 9
Franz Liszt,"Hungarian Rhapsody No. 9 in E-flat Major, S. 244"
Franz Liszt,"Hungarian Rhapsody, No. 12"
Franz Liszt,Mephisto Waltz
Franz Liszt,Mephisto Waltz No. 1
Franz Liszt,"Mephisto Waltz No. 1, S.514"
Franz Liszt,"Paganini Etude No. 3, S. 141/3 ""La Campanella"""
Franz Liszt,"Paraphrase de concert sur Rigoletto, S.434"
Franz Liszt,Polonaise in E Major
Franz Liszt,Rem. of Don Juan
Franz Liszt,Rhapsodie Espagnole
Franz Liszt,Rhapsodie Espagnole S.254
Franz Liszt,Rhapsody Esp.
Franz Liszt,Rigoletto Paraphrase
Franz Liszt,"Rigoletto Paraphrase, S. 434"
Franz Liszt,"Réminiscences de Don Juan, S.418"
Franz Liszt,"Sonata In B Minor, S. 178"
Franz Liszt,Sonata in B Min.
Franz Liszt,Sonetto 104 del Petrarca
Franz Liszt,Sonetto 123 del Petrarca
Franz Liszt,Spanish Rhapsody
Franz Liszt,Tarantella
Franz Liszt,Tarantella from Annees de Pelerinage 2eme Annee
Franz Liszt,"Tarantella, S. 162 No. 3 from Venezia e Napoli"
Franz Liszt,"Tarantella, Venezia e Napoli in G Minor, S.159"
Franz Liszt,"Tarantelle di Bravura, S. 386"
Franz Liszt,"Transcendental Etude No. 1 ""Prelude"""
Franz Liszt,"Transcendental Etude No. 1, “Preludio"""
Franz Liszt,Transcendental Etude No. 10 in F Minor
Franz Liszt,"Transcendental Etude No. 10 in F Minor ""Appassionata"""
Franz Liszt,"Transcendental Etude No. 10 in F Minor, S. 139/10"
Franz Liszt,"Transcendental Etude No. 11 ""Harmonies du Soir"""
Franz Liszt,"Transcendental Etude No. 12 ""Chasse-neige"""
Franz Liszt,"Transcendental Etude No. 2, “Molto vivace"""
Franz Liszt,"Transcendental Etude No. 3 ""Paysage"""
Franz Liszt,"Transcendental Etude No. 4 ""Mazeppa"""
Franz Liszt,"Transcendental Etude No. 5 ""Feux Follets"""
Franz Liszt,"Transcendental Etude No. 5 “Feux Follets,” S.139, No. 5"
Franz Liszt,"Transcendental Etude No. 5, ""Feux Follets"", S. 139/5"
Franz Liszt,"Transcendental Etude No. 8 ""Wilde Jagd"""
Franz Liszt,"Transcendental Etude No. 8, ""Wilde Jagd"", S. 139/8"
Franz Liszt,"Transcendental Etude No. 9, 'Ricordanza'"
Franz Liszt,"Tristan and Isolde - Liebestod, S.447"
Franz Liszt,"Trois Etudes de Concert ""La leggierezza"", S.144"
Franz Liszt,"Valse de l'opera Faust de Charles Gounod, S.407"
Franz Liszt,"Valse-Impromptu, S. 213"
Franz Liszt,Venezia e Napoli
Franz Liszt,"Venezia e Napoli, S. 162"
Franz Liszt,"Venezia e Napoli, S.162 (Complete)"
Franz Liszt,"Études d'exécution transcendante, No. 10 in F Minor, S.139/10"
Franz Liszt,"Études d'exécution transcendante, No. 12, ""Chasse-Neige"" S.139/12"
Franz Liszt,"Études d'exécution transcendante, No. 4, ""Mazeppa"" S.139/4"
Franz Liszt,"Études d'exécution transcendante, No. 5, ""Feux follets"" S.139/5"
Franz Liszt / Camille Saint-Saëns,Danse Macabre S555/R240
Franz Liszt / Vladimir Horowitz,Hungarian Rhapsody No. 15 (Horowitz edition)
Franz Liszt / Vladimir Horowitz,Hungarian Rhapsody No. 2 (Horowitz Edition)
Franz Schubert,"""Der Mueller und der Bach"""
Franz Schubert,"""Erlkoenig"""
Franz Schubert,"""Gretchen am Spinnrade"""
Franz Schubert,"Fantasia in C Major, ""Wanderer"", D. 760"
Franz Schubert,Impromptu Op. 142 No. 1 F Minor
Franz Schubert,Impromptu Op. 142 No. 1 in F Minor
Franz Schubert,"Impromptu Op. 142 No. 1 in F Minor, D. 935"
Franz Schubert,"Impromptu Op. 142 No. 1 in F Minor, D935"
Franz Schubert,"Impromptu Op. 142 No. 3 in B-Flat Major, D935"
Franz Schubert,Impromptu Op. 142 No. 3 in B-flat Major
Franz Schubert,"Impromptu Op. 142 No. 3 in B-flat Major, D. 935"
Franz Schubert,"Impromptu Op. 142 No. 4 in F Minor, D. 935"
Franz Schubert,"Impromptu Op. 142 No. 4, in F Minor, D935"
Franz Schubert,Impromptu Op. 90 No. 1
Franz Schubert,Impromptu Op. 90 No. 1 in C Minor
Franz Schubert,"Impromptu Op. 90 No. 1 in C Minor, D. 899"
Franz Schubert,"Impromptu Op. 90 No. 1, in C Minor, D899"
Franz Schubert,Impromptu Op. 90 No. 2
Franz Schubert,Impromptu Op. 90 No. 2 E-flat Major
Franz Schubert,Impromptu Op. 90 No. 2 in E-flat Major
Franz Schubert,"Impromptu Op. 90 No. 2 in E-flat Major, D. 899"
Franz Schubert,"Impromptu Op. 90 No. 2 in E-flat Major, D899"
Franz Schubert,Impromptu Op. 90 No. 3 in G-flat
Franz Schubert,Impromptu Op. 90 No. 3 in G-flat Major
Franz Schubert,"Impromptu Op. 90 No. 3 in G-flat Major, D. 899"
Franz Schubert,"Impromptu Op. 90 No. 3 in G-flat Major, D899"
Franz Schubert,Impromptu Op. 90 No. 4 in A-flat Major
Franz Schubert,Impromptus Op. 90
Franz Schubert,"Impromptus Op. 90, No. 3"
Franz Schubert,Moment Musical Op. 94 No. 1 in C Major
Franz Schubert,"Moment Musical Op. 94 No. 4 in C-sharp Minor, D780"
Franz Schubert,"Moment Musicaux in F Minor, Op. 94 No. 3"
Franz Schubert,Son. in Bb D.960
Franz Schubert,Son. in Bb D.961
Franz Schubert,Son. in Bb D.962
Franz Schubert,Sonata in A D959
Franz Schubert,Sonata in A D960
Franz Schubert,Sonata in A D961
Franz Schubert,Sonata in A D962
Franz Schubert,"Sonata in A Major, D. 664 (Complete)"
Franz Schubert,"Sonata in A Major, D. 664, I. Allegro moderato"
Franz Schubert,"Sonata in A Major, D. 959 (Complete)"
Franz Schubert,"Sonata in A Major, D959"
Franz Schubert,"Sonata in A Major, Op. 120, I. Allegro moderato"
Franz Schubert,Sonata in A Min.
Franz Schubert,"Sonata in A Minor, D. 537, I. Allegro ma non troppo"
Franz Schubert,"Sonata in A Minor, D. 845"
Franz Schubert,"Sonata in A Minor, D. 846"
Franz Schubert,"Sonata in A Minor, D. 847"
Franz Schubert,"Sonata in A Minor, D. 848"
Franz Schubert,"Sonata in A Minor, D784"
Franz Schubert,"Sonata in A Minor, D845"
Franz Schubert,"Sonata in A minor, D. 845 (Complete)"
Franz Schubert,Sonata in B-flat Major D. 960
Franz Schubert,Sonata in B-flat Major D. 961
Franz Schubert,Sonata in B-flat Major D. 962
Franz Schubert,Sonata in B-flat Major D. 963
Franz Schubert,"Sonata in B-flat Major, D. 960 (Complete)"
Franz Schubert,"Sonata in B-flat Major, D960"
Franz Schubert,"Sonata in C  Minor, D. 958"
Franz Schubert,"Sonata in C  Minor, D. 959"
Franz Schubert,"Sonata in C  Minor, D. 960"
Franz Schubert,"Sonata in C  Minor, D. 961"
Franz Schubert,"Sonata in C Major, D840"
Franz Schubert,"Sonata in C Major, D841"
Franz Schubert,"Sonata in C Major, D842"
Franz Schubert,"Sonata in C Major, D843"
Franz Schubert,"Sonata in C Minor, D. 958 (Complete)"
Franz Schubert,"Sonata in C Minor, D958"
Franz Schubert,"Sonata in C major, D. 840 (Complete)"
Franz Schubert,"Sonata in D Major, D. 850 (Complete)"
Franz Schubert,"Sonata in D Major, D850"
Franz Schubert,Sonata in G Major D894
Franz Schubert,"Sonata in G Major, D 894"
Franz Schubert,"Sonata in G Major, D. 895"
Franz Schubert,"Sonata in G Major, D. 896"
Franz Schubert,"Sonata in G Major, D. 897"
Franz Schubert,Valse-Caprice No. 6 from Soirees de Vienne
Franz Schubert,Wanderer Fantasy
Franz Schubert / Franz Liszt,Der Mueller und der Bach
Franz Schubert / Franz Liszt,Die Forelle
Franz Schubert / Franz Liszt,"Fruelingsglaube, Die Junge Nonne"
Franz Schubert / Franz Liszt,Gretchen am Spinnrade
Franz Schubert / Franz Liszt,"Song Transcriptions: Aufenthalt, Gretchen am Spinnrade, Standchen von Shakespeare, Der Erlkonig"
Franz Schubert / Franz Liszt,"Staendchen from Schwannengesang, R245/7"
Franz Schubert / Franz Liszt,"Standchen, S. 558, NO. 9, ""Horch, horch! Die Lerch"""
Franz Schubert / Leopold Godowsky,Moment Musical Op. 94 No. 3 in F-sharp Minor
Fritz Kreisler / Sergei Rachmaninoff,Liebesfreud
Frédéric Chopin,"12 Etudes, Op. 25"
Frédéric Chopin,"24 Preludes, Op. 28"
Frédéric Chopin,"Andante Spianato and Grand Polonaise Brilliante, Op. 22"
Frédéric Chopin,"Andante Spianato and Grande Polonaise Brillante, Op. 22"
Frédéric Chopin,"Andante Spianato et Grande Polonaise Brillante, Op. 22"
Frédéric Chopin,"Andante spianato e grande polonaise, Op. 22"
Frédéric Chopin,Ballade 4 Op. 52
Frédéric Chopin,"Ballade No. 1 in G Minor, Op. 23"
Frédéric Chopin,Ballade No. 2 in F Major
Frédéric Chopin,"Ballade No. 2 in F Major, Op. 38"
Frédéric Chopin,"Ballade No. 3 in A-flat Major, Op. 47"
Frédéric Chopin,"Ballade No. 4 in F Minor, Op. 52"
Frédéric Chopin,Barcarolle in F#
Frédéric Chopin,"Barcarolle in F-sharp Major, Op. 60"
Frédéric Chopin,Berceuse Op. 57
Frédéric Chopin,Berceuse Op. 57 in D-flat Major
Frédéric Chopin,"Berceuse in D-Flat Major, Op. 57"
Frédéric Chopin,"Complete Etudes, Opus 25"
Frédéric Chopin,Etude Op. 10 No. 1
Frédéric Chopin,Etude Op. 10 No. 1 in C Major
Frédéric Chopin,Etude Op. 10 No. 10 in A-flat Major
Frédéric Chopin,Etude Op. 10 No. 12
Frédéric Chopin,Etude Op. 10 No. 12 in C Minor
Frédéric Chopin,Etude Op. 10 No. 2
Frédéric Chopin,Etude Op. 10 No. 2 in A Minor
Frédéric Chopin,Etude Op. 10 No. 4
Frédéric Chopin,Etude Op. 10 No. 4 in C-Sharp Minor
Frédéric Chopin,Etude Op. 10 No. 5 in G-flat Major
Frédéric Chopin,Etude Op. 10 No. 8
Frédéric Chopin,Etude Op. 10 No. 8 in F Major
Frédéric Chopin,Etude Op. 25 No. 1
Frédéric Chopin,Etude Op. 25 No. 1 in A-flat Major
Frédéric Chopin,Etude Op. 25 No. 10
Frédéric Chopin,Etude Op. 25 No. 10 in B Minor
Frédéric Chopin,Etude Op. 25 No. 11
Frédéric Chopin,Etude Op. 25 No. 11 in A Minor
Frédéric Chopin,Etude Op. 25 No. 12
Frédéric Chopin,Etude Op. 25 No. 12 in C Minor
Frédéric Chopin,Etude Op. 25 No. 5 in E Minor
Frédéric Chopin,Etude Op. 25 No. 6
Frédéric Chopin,Etude Op. 25 No. 6 in G-sharp Minor
Frédéric Chopin,"Etude in A Minor, Op. 25, No. 11"
Frédéric Chopin,"Etude in F Major, Op. 10, No. 8"
Frédéric Chopin,Etudes Op. 10 Nos. 8
Frédéric Chopin,Etudes Op. 10 Nos. 9
Frédéric Chopin,Etudes Op. 25 Nos. 1-5
Frédéric Chopin,"Fantasie in F Minor, Op. 49"
Frédéric Chopin,"Fantasy in F Minor, Op.49"
Frédéric Chopin,Mazurka Op. 50 No. 3 in C-sharp Minor
Frédéric Chopin,Mazurka Op. 6 No. 2 in C-sharp Minor
Frédéric Chopin,"Mazurka in C-sharp Minor, Op. 50 No. 3"
Frédéric Chopin,"Mazurka in D Major, Op. 33, No. 2"
Frédéric Chopin,"Mazurka in F Minor, Op. 7, No. 3"
Frédéric Chopin,"Mazurka in G-sharp Minor, Op. 33, No. 1"
Frédéric Chopin,"Mazurkas, Op. 17 (Complete)"
Frédéric Chopin,Nocturne Op. 15 No. 1 in F Major
Frédéric Chopin,Nocturne Op. 27 No. 1 in C-sharp Minor
Frédéric Chopin,Nocturne Op. 27 No. 2 in D-flat Major
Frédéric Chopin,Nocturne Op. 32 No. 2 in A-flat Major
Frédéric Chopin,Nocturne Op. 48 No. 1 in C Minor
Frédéric Chopin,Nocturne Op. 55 No. 2 in E-flat Major
Frédéric Chopin,Nocturne Op. 62 No. 1 in B Major
Frédéric Chopin,"Nocturne Op. 62, No. 2"
Frédéric Chopin,Nocturne Op. 9 No. 2 in E-flat Major
Frédéric Chopin,"Nocturne in B Major, Op. 9, No. 3"
Frédéric Chopin,"Nocturne in C Minor, Op. 48 No. 1"
Frédéric Chopin,"Nocturne in C-Sharp Minor, Op. Posth."
Frédéric Chopin,"Nocturne in C-sharp Minor, Op. 27 No. 1"
Frédéric Chopin,Nocturne in Db
Frédéric Chopin,"Nocturne in E-flat Major, Op. 55 No. 2"
Frédéric Chopin,"Nocturne in F-sharp Major, Op. 15, No. 2"
Frédéric Chopin,Polonaise Op. 26 in E-flat Minor
Frédéric Chopin,Polonaise Op. 44
Frédéric Chopin,Polonaise Op. 53 in A-flat Major
Frédéric Chopin,Polonaise-Fantasie
Frédéric Chopin,Polonaise-Fantasie Op. 61
Frédéric Chopin,"Preludes, Book II, L 123, VI. Général Lavine - eccentric"
Frédéric Chopin,"Preludes, Op.28"
Frédéric Chopin,"Rondo in C Minor, Op. 1"
Frédéric Chopin,"Scherzo No. 1 in B Minor, Op. 20"
Frédéric Chopin,"Scherzo No. 2 in B-Flat Minor, Op.31"
Frédéric Chopin,"Scherzo No. 2 in B-flat Major, Op. 31"
Frédéric Chopin,Scherzo No. 3
Frédéric Chopin,"Scherzo No. 3 in C-sharp Minor, Op. 39"
Frédéric Chopin,"Scherzo No. 4  in E Major, Op. 54"
Frédéric Chopin,Sonata 3 Op. 58
Frédéric Chopin,"Sonata No. 2 in B-flat Minor, Op. 35"
Frédéric Chopin,Sonata No. 3
Frédéric Chopin,"Sonata No. 3 in B Minor, Op. 58"
Frédéric Chopin,"Sonata No. 3 in B Minor, Op. 58 (Complete)"
Frédéric Chopin,"Sonata No. 3 in B Minor, Op. 58, 1st mov."
Frédéric Chopin,"Sonata No. 3 in B Minor, Op. 58, I. Allegro maestoso"
Frédéric Chopin,"Sonata in B Minor, Op. 58"
Frédéric Chopin,"Two Preludes from Op. 28, Nos. 15 and 24"
Frédéric Chopin,"Valse brillante No. 1 in A-flat Major, Op. 34"
Frédéric Chopin,"Variations and Fugue in E-flat Major, Op. 35, ""Eroica"""
George Enescu,Suite Op. 10
George Frideric Handel,Chaconne in G
George Frideric Handel,"Chaconne in G Major, HWV 435"
George Frideric Handel,"Suite No. 2 in F Major, HWV 427 (Complete)"
George Frideric Handel,Suite No. 3 in D Minor
Georges Bizet / Ferruccio Busoni,"Sonatina No. 6, BV284 “Fantasia da Camera super Carmen”"
Georges Bizet / Moritz Moszkowski,"Chanson Boheme de l'Opera ""Carmen"" by Georges Bizet"
Georges Bizet / Vladimir Horowitz,Carmen Variations
Giuseppe Verdi / Franz Liszt,Rigoletto Parap.
Henry Purcell,"Suite in C Major, Z. 666 (Complete)"
Isaac Albéniz,Asturias
Isaac Albéniz,"Evocacion from ""Iberia"""
Isaac Albéniz,Iberia Book II
Isaac Albéniz,"Iberia, Evocation, Triana"
Isaac Albéniz,Navarra
Isaac Albéniz,Triana from 'Iberia'
Isaac Albéniz / Leopold Godowsky,Tango
Jean-Philippe Rameau,RameauSelections
Johann Christian Fischer / Wolfgang Amadeus Mozart,12 Variations on a Theme from a Menuet by Fischer
Johann Pachelbel,Chaconne in F Minor
Johann Sebastian Bach,"Chromatic Fantasy and Fugue in D Minor, BWV 903"
Johann Sebastian Bach,"Duet in E Minor, BWV 802"
Johann Sebastian Bach,"Duet in G, BWV 804"
Johann Sebastian Bach,"English Suite No. 2  in A Minor, BWV 807, I. Prelude"
Johann Sebastian Bach,"English Suite in A Minor, BWV 807"
Johann Sebastian Bach,"English Suite no. 3 in G Minor, Prelude"
Johann Sebastian Bach,French Suite No. 5 in G Major
Johann Sebastian Bach,"Italian Concerto in F Major, BWV 971 (Complete)"
Johann Sebastian Bach,"Italian Concerto, BWV 971"
Johann Sebastian Bach,"Italian Concerto, BWV 971 (Complete)"
Johann Sebastian Bach,"Overture in the French Style in B Minor, BWV 831"
Johann Sebastian Bach,"Partita No. 1 in B-Flat Major, BWV 825 (Complete)"
Johann Sebastian Bach,"Partita No. 2 in C Minor, I. Sinfonia"
Johann Sebastian Bach,"Partita No. 4 in D Major, BWV 828"
Johann Sebastian Bach,Partita No. 6 in E Minor
Johann Sebastian Bach,"Partita in C Minor, BWV 826"
Johann Sebastian Bach,Prelude & Fugue
Johann Sebastian Bach,"Prelude & Fugue in B flat minor, Book I, BWV 867"
Johann Sebastian Bach,"Prelude & Fugue in G Minor, WTK II"
Johann Sebastian Bach,"Prelude and Fuge in G-sharp Minor, WTC I, BWV 863"
Johann Sebastian Bach,"Prelude and Fugue in  F-sharp Major, WTC I , BWV 858"
Johann Sebastian Bach,"Prelude and Fugue in A Major, WTC I, BWV 864"
Johann Sebastian Bach,"Prelude and Fugue in A Major, WTC II, BWV 888"
Johann Sebastian Bach,"Prelude and Fugue in A Minor, WTC I, BWV 865"
Johann Sebastian Bach,"Prelude and Fugue in A Minor, WTC II,  BWV 889"
Johann Sebastian Bach,"Prelude and Fugue in A Minor, WTC II, BWV 847"
Johann Sebastian Bach,"Prelude and Fugue in A-flat Major, WTC I"
Johann Sebastian Bach,"Prelude and Fugue in A-flat Major, WTC I, BWV 862"
Johann Sebastian Bach,"Prelude and Fugue in B Major, WTC I, BWV 868"
Johann Sebastian Bach,"Prelude and Fugue in B Major, WTC II, BWV 892"
Johann Sebastian Bach,"Prelude and Fugue in B Minor, WTC II"
Johann Sebastian Bach,"Prelude and Fugue in B Minor, WTC II, BWV 893"
Johann Sebastian Bach,"Prelude and Fugue in B-Moll, No. 22 WTKII"
Johann Sebastian Bach,"Prelude and Fugue in B-flat Minor, WTC I, BWV 867"
Johann Sebastian Bach,"Prelude and Fugue in B-flat Minor, WTC II"
Johann Sebastian Bach,"Prelude and Fugue in C Major, WTC  II, BWV 870"
Johann Sebastian Bach,"Prelude and Fugue in C Major, WTC II, BWV 846"
Johann Sebastian Bach,"Prelude and Fugue in C Minor, WTC II, BWV 871"
Johann Sebastian Bach,"Prelude and Fugue in C sharp major, WTC I, BWV 848"
Johann Sebastian Bach,"Prelude and Fugue in C-Sharp Minor, WTC I, BWV 849"
Johann Sebastian Bach,"Prelude and Fugue in C-sharp Major, BWV 848"
Johann Sebastian Bach,"Prelude and Fugue in C-sharp Major, WTC I"
Johann Sebastian Bach,"Prelude and Fugue in C-sharp Minor, Book I, BWV 849"
Johann Sebastian Bach,"Prelude and Fugue in C-sharp Minor, WTC I"
Johann Sebastian Bach,"Prelude and Fugue in C-sharp Minor, WTC II"
Johann Sebastian Bach,"Prelude and Fugue in D Major, Book II"
Johann Sebastian Bach,"Prelude and Fugue in D Major, WTC I, BWV 850"
Johann Sebastian Bach,"Prelude and Fugue in D Major, WTC II, BWV 874"
Johann Sebastian Bach,"Prelude and Fugue in D Minor, Book II"
Johann Sebastian Bach,"Prelude and Fugue in D Minor, WTC I, BWV 851"
Johann Sebastian Bach,"Prelude and Fugue in D Minor, WTC II,  BWV 875"
Johann Sebastian Bach,"Prelude and Fugue in D major, WTC I"
Johann Sebastian Bach,"Prelude and Fugue in D-flat Major, WTC I, BWV 848"
Johann Sebastian Bach,"Prelude and Fugue in D-sharp Minor, WTC II, BWV 877"
Johann Sebastian Bach,"Prelude and Fugue in E Major, WTC I, BWV 854"
Johann Sebastian Bach,"Prelude and Fugue in E Major, WTC I, BWV 854  "
Johann Sebastian Bach,"Prelude and Fugue in E Minor WTC I, BWV 855"
Johann Sebastian Bach,"Prelude and Fugue in E-flat Major, WTC I"
Johann Sebastian Bach,"Prelude and Fugue in E-flat Major, WTC II, BWV 876"
Johann Sebastian Bach,"Prelude and Fugue in E-flat Minor WTC I, BWV 853"
Johann Sebastian Bach,"Prelude and Fugue in F Major, WTC I, BWV 856"
Johann Sebastian Bach,"Prelude and Fugue in F Major, WTC II"
Johann Sebastian Bach,"Prelude and Fugue in F Major, WTC II, BWV 880"
Johann Sebastian Bach,"Prelude and Fugue in F Minor, WTC I"
Johann Sebastian Bach,"Prelude and Fugue in F Minor, WTC I, BWV 857"
Johann Sebastian Bach,"Prelude and Fugue in F-sharp Minor, WTC II"
Johann Sebastian Bach,"Prelude and Fugue in F-sharp Minor, WTC II , BWV 883"
Johann Sebastian Bach,"Prelude and Fugue in G Major, WTC I"
Johann Sebastian Bach,"Prelude and Fugue in G Major, WTC I, BWV 860"
Johann Sebastian Bach,"Prelude and Fugue in G Major, WTC II, BWV 884"
Johann Sebastian Bach,"Prelude and Fugue in G Minor, WTC II"
Johann Sebastian Bach,"Prelude and Fugue in G Minor, WTC II,  BWV 885"
Johann Sebastian Bach,"Prelude and Fugue in G-sharp Minor, WTC I, BWV 863"
Johann Sebastian Bach,"Prelude and Fugue in G-sharp Minor, WTC II, BWV 887"
Johann Sebastian Bach,Prelude from English Suite No. 3 in G Major
Johann Sebastian Bach,"Prelude from English Suite No. 6 in D Minor, BWV 811"
Johann Sebastian Bach,"Prelude from the English Suite No. 1 in A Major, BWV 806"
Johann Sebastian Bach,"Prelude from the English Suite No. 2 in A Minor, BWV 807"
Johann Sebastian Bach,Prelude from the English Suite No. 6
Johann Sebastian Bach,"Prelude from the English Suite No. 6 in D Minor, BWV 811"
Johann Sebastian Bach,"Toccata from Partita No. 6 in E Minor, Missing Opening!!!!"
Johann Sebastian Bach,"Toccata in C Minor, BWV 911"
Johann Sebastian Bach,"Toccata in E Minor, BWV 914"
Johann Sebastian Bach / Egon Petri,"""Sheep May Safely Graze"""
Johann Sebastian Bach / Egon Petri,"Sheep May Safely Graze, from Bach's Birthday Cantata"
Johann Sebastian Bach / Ferruccio Busoni,"""Wachet  auf, ruft uns die Stimme' BWV 645"
Johann Sebastian Bach / Ferruccio Busoni,Chaconne BWV1004
Johann Sebastian Bach / Ferruccio Busoni,Chaconne in D Minor
Johann Sebastian Bach / Ferruccio Busoni,"Chaconne in D Minor, BWV 1004"
Johann Sebastian Bach / Ferruccio Busoni,Toccata in DMin.
Johann Sebastian Bach / Franz Liszt,"Prelude and Fugue in A Minor, S.462/1"
Johann Sebastian Bach / Franz Liszt,Var. on BACH
Johann Sebastian Bach / Myra Hess,"Jesu, Joy of Man’s Desiring, BWV 147"
Johann Strauss / Alfred Grünfeld,"Soiree de Vienne, Op. 56 (Concert Paraphrase on the overture from Die Fledermaus)"
Johannes Brahms,"16 Waltzes, Op. 39"
Johannes Brahms,Fantasias Op. 116 (Selections)
Johannes Brahms,Fantasien Op.116
Johannes Brahms,"Fantasies, Op. 116 No. 7 (Complete)"
Johannes Brahms,Intermezzo Op. 118 No. 6 in E-flat Minor
Johannes Brahms,Intermezzos Op. 119
Johannes Brahms,"Paganini Variations, Op. 35 Book 2"
Johannes Brahms,"Paganini Variations, Op. 35 Book II"
Johannes Brahms,"Paganini Variations, Op. 35 Books I and II"
Johannes Brahms,Rhapsody Op. 79 No. 1 in B minor
Johannes Brahms,"Six Pieces for Piano, Op. 118"
Johannes Brahms,"Sonata 2 F-sharp Minor, Op. 2"
Johannes Brahms,Sonata No. 1
Johannes Brahms,"Sonata No. 1 in C Major, Op. 1"
Johannes Brahms,"Sonata No. 3 in F Minor, Op. 5"
Johannes Brahms,Sonata Op. 5
Johannes Brahms,"Sonata in F Minor, Op. 5"
Johannes Brahms,"Variations and Fugue on the Theme of Händel, Op. 24"
Johannes Brahms,"Variations on a Theme by Paganini, Op. 35 Book II"
Johannes Brahms,"Variations on a Theme by Paganini, Op. 35, Volumes 1 & 2"
Johannes Brahms,Variations on a theme by Paganini (Books I & II)
Joseph Haydn,Andante w/Var.
Joseph Haydn,"Piano Sonata in C major, Hob. XVI:50 (Complete)"
Joseph Haydn,Son. Hob. XVI:32
Joseph Haydn,Son. Hob. XVI:39
Joseph Haydn,Son. Hob. XVI:52
Joseph Haydn,"Sonata E-Flat Major, Hob. XVI:49, First Movement"
Joseph Haydn,"Sonata in A-Flat Major, Hob. XVI:46, I. Allegro moderato"
Joseph Haydn,"Sonata in A-flat Major, Hob. XVI: 46, I. Allegro moderato"
Joseph Haydn,"Sonata in A-flat Major, No. 31 Hob. XVI:46, 1st mov."
Joseph Haydn,"Sonata in B-flat Major, Hob.XVI:41"
Joseph Haydn,"Sonata in C Major, Hob. XVI/50"
Joseph Haydn,"Sonata in C Major, Hob. XVI: 50, I. Allegro"
Joseph Haydn,"Sonata in C Major, Hob. XVI:48 (Complete)"
Joseph Haydn,"Sonata in C Major, Hob. XVI:50"
Joseph Haydn,"Sonata in C Major, Hob. XVI:50, 1st mov."
Joseph Haydn,"Sonata in C Major, Hob. XVI:50, First Movement"
Joseph Haydn,"Sonata in C Minor, First Movement"
Joseph Haydn,"Sonata in C Minor, Hob. XVI:20, 1st mov."
Joseph Haydn,"Sonata in C major, Hob. XVI: 50"
Joseph Haydn,"Sonata in D Major, Hob. XVI:24"
Joseph Haydn,"Sonata in E Major, Hob. XVI:31, First Movement"
Joseph Haydn,"Sonata in E flat Major, Hob. XVI: 49, I. Allegro"
Joseph Haydn,"Sonata in E-flat Major, Hob. XVI: 52, I. Allegro"
Joseph Haydn,"Sonata in E-flat Major, Hob. XVI:52, 1st mov."
Joseph Haydn,"Sonata in E-flat Major, Hob. XVI:52, First Movement"
Joseph Haydn,"Sonata in E-flat major, Hob. XVI:52, I. Allegro"
Joseph Haydn,"Sonata in F Major, Hob. XVI:23"
Joseph Haydn,"Sonata in G Major, Hob. XVI:6, First Movement"
Joseph Haydn,"Sonata in in F Major, Hob. XVI: 23, I. Allegro moderato"
Leoš Janáček,In the Mists
Leoš Janáček,"In the Mists, I. Andante  "
Leoš Janáček,"Piano Sonata 1. X. 1905 ""From the Street"""
Leoš Janáček,"Sonata 1.x.1905 ""On the Streets"""
Ludwig van Beethoven,"15 Variations and Fugue in Eb on an Original Theme ('Eroica Variations'), Op.35"
Ludwig van Beethoven,"Andante favori in F Major, WoO 57"
Ludwig van Beethoven,Bagatelles Op126
Ludwig van Beethoven,"Bagatelles, Op. 126 (Complete)"
Ludwig van Beethoven,"Bagtellen, Op.126"
Ludwig van Beethoven,"Eroica Variations, Op. 35"
Ludwig van Beethoven,"Fantasia, Op. 77"
Ludwig van Beethoven,"Piano Trio in D Major, Op. 70 No. 1"
Ludwig van Beethoven,"Rondo a capriccioso ""Rage over a Lost Penny"", Op. 129"
Ludwig van Beethoven,"Rondo, Op. 129"
Ludwig van Beethoven,"Sonata No. 10 in G Major, Op. 14 No. 2, First Movement"
Ludwig van Beethoven,"Sonata No. 11 in B-flat Major, Op. 22, I. Allegro con brio"
Ludwig van Beethoven,"Sonata No. 11 in E-flat Major, Op. 22 (Complete)"
Ludwig van Beethoven,"Sonata No. 11, Op. 22 in B-flat Major, I. Allegro con brio"
Ludwig van Beethoven,"Sonata No. 12 in A-flat Major, Op. 26, First Movement"
Ludwig van Beethoven,"Sonata No. 15 in D Major, Op. 28, I. Allegro"
Ludwig van Beethoven,"Sonata No. 16 Op. 31 No. 1 in G Major, I. Allegro vivace"
Ludwig van Beethoven,"Sonata No. 16 in G Major, Op. 31 No. 1, First Movement"
Ludwig van Beethoven,"Sonata No. 16 in G Major, Op. 31 No. 1, I. and II. "
Ludwig van Beethoven,"Sonata No. 17 in D Minor, Op. 31 No. 2, 1st Movement"
Ludwig van Beethoven,"Sonata No. 17 in D Minor, Op. 31 No. 2, First Movement"
Ludwig van Beethoven,"Sonata No. 17 in D minor, Op. 31 No. 2, 1st mov."
Ludwig van Beethoven,"Sonata No. 17, Op. 31 No. 2 in D Minor ""Tempest"", I. Largo-Allegro"
Ludwig van Beethoven,"Sonata No. 18 in E-flat Major, Op. 31 No. 3, First Movement"
Ludwig van Beethoven,"Sonata No. 18 in E-flat Major, Op. 31, No. 3 (Complete)"
Ludwig van Beethoven,"Sonata No. 18, Op. 31 No. 3 in E-flat Major, I. Allegro"
Ludwig van Beethoven,"Sonata No. 21 in  C Major, Op. 53"
Ludwig van Beethoven,"Sonata No. 21 in C Major, Op. 53, ""Waldstein"", First Movement"
Ludwig van Beethoven,"Sonata No. 21 in C Major, Op. 53, 1st mov."
Ludwig van Beethoven,"Sonata No. 21 in C Major, Op. 53, First Movement"
Ludwig van Beethoven,"Sonata No. 21 in C Major, Op. 53, I. Allegro con brio"
Ludwig van Beethoven,"Sonata No. 21 in C major, Op. 53, “Waldstein,” I. Allegro con brio"
Ludwig van Beethoven,"Sonata No. 21, Op. 53, ""Waldstein"", I. Allegro con brio"
Ludwig van Beethoven,"Sonata No. 23 in F Minor, Op. 57 ""Appassionata"", First Movement"
Ludwig van Beethoven,"Sonata No. 23 in F Minor, Op. 57 (Complete)"
Ludwig van Beethoven,"Sonata No. 23 in F Minor, Op. 57, First Movement"
Ludwig van Beethoven,"Sonata No. 23, Op. 57 in F Minor, ""Appassionata"", I. Allegro assai"
Ludwig van Beethoven,"Sonata No. 24 in F-Sharp Major, Op. 78"
Ludwig van Beethoven,"Sonata No. 24 in F-sharp Major, Op. 78, First Movement"
Ludwig van Beethoven,"Sonata No. 26 in 3-flat Major, Op. 81a (2nd & 3rd Movements)"
Ludwig van Beethoven,"Sonata No. 26 in E-Flat Major, Op. 81a, ""Les Adiex"", First Movement"
Ludwig van Beethoven,"Sonata No. 26 in E-flat Major, Op. 81a, I. Das Lebewohl. Adagio - Allegro"
Ludwig van Beethoven,"Sonata No. 27 in E Minor, Op. 90"
Ludwig van Beethoven,"Sonata No. 27 in E Minor, Op. 90, First Movement"
Ludwig van Beethoven,"Sonata No. 27, Op. 90, I. Mit Lebhaftigkeit und durchaus mit Empfindung und Ausdruck"
Ludwig van Beethoven,"Sonata No. 28 in A Major, Op. 101 (Complete)"
Ludwig van Beethoven,"Sonata No. 29 in B-flat Major, Op. 106"
Ludwig van Beethoven,"Sonata No. 3 in C Major, Op. 2 No. 3, First Movement"
Ludwig van Beethoven,"Sonata No. 3 in C Major, Op. 2 No. 3, I. Allegro con brio"
Ludwig van Beethoven,"Sonata No. 3 in C Major, Op. 2 No. 3, I. and II. "
Ludwig van Beethoven,"Sonata No. 3, Op. 2 No. 3 in C major, I. Allegro con brio"
Ludwig van Beethoven,"Sonata No. 30 in E Major, Op. 109"
Ludwig van Beethoven,"Sonata No. 31 In A-flat Major, Op. 110"
Ludwig van Beethoven,"Sonata No. 31 in A-Flat Major, Op. 110 (Complete)"
Ludwig van Beethoven,"Sonata No. 31 in A-flat Major, Op. 110, First movement"
Ludwig van Beethoven,"Sonata No. 32 in C Minor, Op. 111"
Ludwig van Beethoven,"Sonata No. 32 in C Minor, Op. 111 (Complete)"
Ludwig van Beethoven,"Sonata No. 4 in E-flat Major, Op. 7, 1st mov."
Ludwig van Beethoven,"Sonata No. 4 in E-flat Major, Op. 7, First Movement"
Ludwig van Beethoven,"Sonata No. 4 in E-flat Major, Op. 7, I. Allegro molto e con brio"
Ludwig van Beethoven,"Sonata No. 5 in C Minor, Op. 10 No. 1, First Movement"
Ludwig van Beethoven,"Sonata No. 5 in C Minor, Op. 10 No. 1, I. Allegro molto e con brio"
Ludwig van Beethoven,"Sonata No. 7 in D Major, Op. 10 No. 3"
Ludwig van Beethoven,"Sonata No. 7 in D Major, Op. 10 No. 3, 1st mov."
Ludwig van Beethoven,"Sonata No. 7 in D Major, Op. 10 No. 3, First Movement"
Ludwig van Beethoven,"Sonata No. 7, Op. 10 No. 3 in D Major, I. Presto"
Ludwig van Beethoven,"Sonata No. 8 in C Minor, Op.13"
Ludwig van Beethoven,Sonata Op. 10/3
Ludwig van Beethoven,Sonata Op. 101
Ludwig van Beethoven,Sonata Op. 110
Ludwig van Beethoven,"Sonata Op. 31, No. 3 in E-flat Major"
Ludwig van Beethoven,Sonata Op. 54 in F Major
Ludwig van Beethoven,Sonata Op. 78
Ludwig van Beethoven,"Sonata Op. 81 No. 26, 'Les Adieux'"
Ludwig van Beethoven,"Sonata in A-flat, Op. 110"
Ludwig van Beethoven,"Sonata in C Major, Op. 2 No. 3, 1st mov."
Ludwig van Beethoven,"Sonata in C Major, Op. 53 'Waldstein'"
Ludwig van Beethoven,"Sonata in D Minor, Op. 31 No. 2 ""Tempest"""
Ludwig van Beethoven,"Sonata in D minor, Op. 31, No. 2"
Ludwig van Beethoven,"Sonata in E Major, Op. 109"
Ludwig van Beethoven,"Sonata in E Major, Op. 14, No. 1"
Ludwig van Beethoven,"Sonata in E-flat Major, Op. 81a"
Ludwig van Beethoven,"Thirty-Two Variaions in C Minor, WoO80"
Ludwig van Beethoven,"Thirty-Two Variations  in C Minor, WoO 80"
Ludwig van Beethoven,"Thirty-Two Variations in C minor, WoO 80    "
Mikhail Glinka / Mily Balakirev,Lark
Mily Balakirev,"In the Garden, Etude-Idyll"
Mily Balakirev,Islamei
Mily Balakirev,Islamey
Mily Balakirev,"Oriental Fantasy ""Islamey"""
Modest Mussorgsky,Pictures at an E
Modest Mussorgsky,Pictures at an Exhibition
Muzio Clementi,"Sonata Bb, Op. 24, No. 2"
Muzio Clementi,Sonata Op. 24/2
Muzio Clementi,"Sonata Op. 25 No. 5 in F-sharp Minor, First Movement"
Muzio Clementi,"Sonata in B-flat Major, Op.24, No. 2"
Muzio Clementi,Sonata in F# Min
Muzio Clementi,"Sonata in F-sharp minor, op. 25 no. 5, 1st mov."
Niccolò Paganini / Franz Liszt,Etude No. 6 in A Minor
Nikolai Medtner,"Fairy Tale in D Minor, Op. 54"
Nikolai Medtner,"Fairy Tales Op. 51 No. 1, 2 and No. 3"
Nikolai Medtner,"Sonata Tragica, Op. 39, No. 5"
Nikolai Medtner,"Three Fairy Tales ""Skazki"" from Op. 34"
Nikolai Medtner,Two Fairy Tales
Nikolai Rimsky-Korsakov / Sergei Rachmaninoff,The Flight of the Bunble-Bee
Orlando Gibbons,Pavan
Percy Grainger,Ramble on the Last Love - Duet
Pyotr Ilyich Tchaikovsky,Dumka
Pyotr Ilyich Tchaikovsky,"Dumka, Op. 59"
Pyotr Ilyich Tchaikovsky,Meditation
Pyotr Ilyich Tchaikovsky,Russian Scherzo Op. 1
Pyotr Ilyich Tchaikovsky,"The Seasons, Op. 37a (Selections)"
Pyotr Ilyich Tchaikovsky / Mikhail Pletnev,"Andante Maestoso from ""Nutcracker Suite"""
Pyotr Ilyich Tchaikovsky / Mikhail Pletnev,Concert Suite from the Ballet Nutcracker
Pyotr Ilyich Tchaikovsky / Mikhail Pletnev,Concert Suite from the Nutcracker
Pyotr Ilyich Tchaikovsky / Mikhail Pletnev,"Intermezzo from ""Nutcracker Suite"""
Pyotr Ilyich Tchaikovsky / Mikhail Pletnev,"March from ""Nutcracker Suite"
Pyotr Ilyich Tchaikovsky / Mikhail Pletnev,Nutcracker Suite
Pyotr Ilyich Tchaikovsky / Sergei Rachmaninoff,Lullaby
Pyotr Ilyich Tchaikovsky / Sergei Rachmaninoff,"Lullaby Op. 16, No. 1"
Richard Wagner / Franz Liszt,IsoldasLiebestod
Richard Wagner / Franz Liszt,Isolde's Liebestod
Robert Schumann,ABEGG Op. 1
Robert Schumann,ABEGG Variations Op. 1
Robert Schumann,"Arabesque, Op. 18"
Robert Schumann,"Carnaval, Op. 9"
Robert Schumann,"Davidsbundlertanze, Op. 6"
Robert Schumann,Fantasie Op. 17
Robert Schumann,"Fantasy Pieces, Op. 12"
Robert Schumann,"Fantasy in C Major, Op. 17"
Robert Schumann,"Gesänge der Frühe, Op. 133"
Robert Schumann,"Humoresque, Op. 20"
Robert Schumann,"Intermezzi, Opus 4"
Robert Schumann,Kreisleriana
Robert Schumann,"Kreisleriana, Op. 16"
Robert Schumann,"Kreisleriana, Op. 16 (1st edition) (Complete)"
Robert Schumann,"Kreisleriana, Op. 16 (Complete)"
Robert Schumann,"Romances Op. 28, Nos. 2 and 3"
Robert Schumann,Sonata F# Minor
Robert Schumann,"Sonata No. 1 in F-Sharp Minor, Op. 11 (Complete)"
Robert Schumann,"Sonata No. 1 in F-sharp Minor, Op. 11"
Robert Schumann,"Sonata No. 2 in G Minor, Op. 22"
Robert Schumann,"Sonata No. 2 in G Minor, Op. 22 (Complete)"
Robert Schumann,Symphonic Etudes
Robert Schumann,Symphonic Etudes Op. 13
Robert Schumann,Symphonic Etudes Op. 13 (with Posthumous variations)
Robert Schumann,"Symphonic Etudes, Op. 13 (with Posthumous Etudes)"
Robert Schumann,Toccata Op. 7
Robert Schumann,"Toccata in C Major, Op. 7"
Robert Schumann,"Toccata in C Major, Opus 7"
Robert Schumann,"Toccata in C, Op. 7"
Robert Schumann / Franz Liszt,Widmung
Sergei Rachmaninoff,Corelli Var.Op42
Sergei Rachmaninoff,Elegie in E-Flat Minor Op. 3
Sergei Rachmaninoff,"Elegie in E-flat Minor, Op. 3 No. 1"
Sergei Rachmaninoff,"Elegy Op. 3, No. 1"
Sergei Rachmaninoff,Etude Tableau Op. 39 No. 5
Sergei Rachmaninoff,Etude Tableaux Op. 39 No. 1 in C Minor
Sergei Rachmaninoff,Etude Tableaux Op. 39 No. 6 in A Minor
Sergei Rachmaninoff,Etude-Tableau Op. 39 No. 6 in A Minor
Sergei Rachmaninoff,"Etude-Tableau in C Minor, Op. 39, No. 1"
Sergei Rachmaninoff,"Etude-Tableau in E-flat Minor, op. 39 No. 5"
Sergei Rachmaninoff,Etude-Tableaux Op. 39 No. 5
Sergei Rachmaninoff,Etude-Tableaux Op. 39 No. 5 in E-flat Minor
Sergei Rachmaninoff,"Etude-Tableaux, Opus 33 No. 3 in C Minor"
Sergei Rachmaninoff,"Etude-Tableaux, Opus 39 No. 8 in D Minor"
Sergei Rachmaninoff,Etudes-Tableaux
Sergei Rachmaninoff,Etudes-Tableaux Op. 33
Sergei Rachmaninoff,"Humoresque Op. 10, No. 5"
Sergei Rachmaninoff,Lilac
Sergei Rachmaninoff,"Moment Musical, Op. 16, No.4"
Sergei Rachmaninoff,Moment Musicaux Op. 16 No. 4 in E Minor
Sergei Rachmaninoff,"Moment Musicaux, Op. 16 No. 3 in B Minor"
Sergei Rachmaninoff,"Moment Musicaux, Op. 16 No. 5"
Sergei Rachmaninoff,Moments Musicaux
Sergei Rachmaninoff,"Moments Musicaux, Op. 16"
Sergei Rachmaninoff,"Polka de ""W.R."""
Sergei Rachmaninoff,Prelude Op. 23 No. 4 in D Major
Sergei Rachmaninoff,Prelude Op. 23 No. 6 in E-flat Major
Sergei Rachmaninoff,"Prelude Op. 23, No. 2"
Sergei Rachmaninoff,Prelude Op. 23/4
Sergei Rachmaninoff,Prelude Op. 3 No. 2 in C-sharp Minor
Sergei Rachmaninoff,Prelude Op. 32 No. 8 in A Minor
Sergei Rachmaninoff,"Prelude Op. 32, No. 10"
Sergei Rachmaninoff,Prelude Op. 32/5
Sergei Rachmaninoff,"Prelude in C-sharp Minor, Op. 3, No. 2"
Sergei Rachmaninoff,"Prelude in D Major, Op. 23, No. 4"
Sergei Rachmaninoff,"Prelude in G-Sharp Minor,Op. 32 No. 12"
Sergei Rachmaninoff,"Preludes Op. 23, Nos. 2, 4 and 5"
Sergei Rachmaninoff,Sonata No. 2 in B-Flat Minor Op. 36 (1913)
Sergei Rachmaninoff,Sonata No. 2 in B-flat Minor
Sergei Rachmaninoff,"Sonata No. 2 in B-flat Minor, Op. 36"
Sergei Rachmaninoff,"Sonata No. 2 in B-flat Minor, Opus 36"
Sergei Rachmaninoff,Sonata Op. 36
Sergei Rachmaninoff,"Sonata in B-flat Minor, Op.36"
Sergei Rachmaninoff / György Cziffra,Flight of B.B.
Sergei Rachmaninoff / Vyacheslav Gryaznov,Italian Polka
Wolfgang Amadeus Mozart,Fantasy in C Min
Wolfgang Amadeus Mozart,"Nine Variations, K. 264"
Wolfgang Amadeus Mozart,"Nine variations on a minuet by Duport, K537"
Wolfgang Amadeus Mozart,"Rondo in A Minor,  K. 511"
Wolfgang Amadeus Mozart,Sonata K. 457
Wolfgang Amadeus Mozart,"Sonata K. 457 in C minor, I. Allegro molto"
Wolfgang Amadeus Mozart,"Sonata in B-flat Major, K 333, First Movement"
Wolfgang Amadeus Mozart,"Sonata in B-flat Major, K. 281, First Movement"
Wolfgang Amadeus Mozart,"Sonata in B-flat Major, K. 333, 1st mov."
Wolfgang Amadeus Mozart,"Sonata in B-flat Major, K. 333, I. Allegro"
Wolfgang Amadeus Mozart,"Sonata in B-flat Major, K. 570, 1st mov."
Wolfgang Amadeus Mozart,"Sonata in B-flat Major, K.281"
Wolfgang Amadeus Mozart,"Sonata in C Major, K 330, I. Allegro moderato"
Wolfgang Amadeus Mozart,"Sonata in C Major, K279"
Wolfgang Amadeus Mozart,"Sonata in C Minor K457, First Movement"
Wolfgang Amadeus Mozart,"Sonata in C Minor, K. 457"
Wolfgang Amadeus Mozart,"Sonata in C Minor, K. 457, 1st mov."
Wolfgang Amadeus Mozart,Sonata in D Major K576
Wolfgang Amadeus Mozart,"Sonata in D Major, K 284, First Movement"
Wolfgang Amadeus Mozart,"Sonata in D Major, K 576, First Movement"
Wolfgang Amadeus Mozart,"Sonata in D Major, K. 311"
Wolfgang Amadeus Mozart,"Sonata in D Major, K. 576 (Complete)"
Wolfgang Amadeus Mozart,"Sonata in D Major, K. 576, I - Allegro"
Wolfgang Amadeus Mozart,"Sonata in D Major, K. 576, II - Adagio"
Wolfgang Amadeus Mozart,"Sonata in D-Major, K. 311, First Movement"
Wolfgang Amadeus Mozart,Sonata in F
Wolfgang Amadeus Mozart,Sonata in F K332
Wolfgang Amadeus Mozart,"Sonata in F Major, K 332 (Complete)"
Wolfgang Amadeus Mozart,"Sonata in F Major, K. 280, 1st mov."
Wolfgang Amadeus Mozart,"Sonata in F Major, K280"
Wolfgang Amadeus Mozart,"Sonata in F Major, K533"
Wolfgang Amadeus Mozart,"Sonata in F Major, K533/K494"
Wolfgang Amadeus Mozart,"Twelve Variations, K179 (189a)"
